question,phase,event_id,lumina_rank,photo_id,score,is_lumina_pick,votes,n_people,people
1,train,9,1,9-2.JPG,0.709,1,4,8,Benyamin; Dee Ser; Qq; Song
1,train,9,2,9-1.JPG,0.698,0,3,8,Benny right bicep; Hoi Cheng; YL
1,train,9,3,9-6.JPG,0.506,0,0,8,
1,train,9,4,9-5.JPG,0.496,0,1,8,Raymond
2,train,4,1,4-2.jpg,0.477,1,0,8,
2,train,4,2,4-1.jpg,0.464,0,0,8,
2,train,4,3,4-3.jpg,0.068,0,8,8,Benny right bicep; Benyamin; Dee Ser; Hoi Cheng; Qq; Raymond; Song; YL
3,train,14,1,14-1.jpeg,0.511,1,0,8,
3,train,14,2,14-2.jpeg,0.457,0,8,8,Benny right bicep; Benyamin; Dee Ser; Hoi Cheng; Qq; Raymond; Song; YL
4,train,7,1,7-2.JPG,0.624,1,4,8,Benny right bicep; Benyamin; Qq; YL
4,train,7,2,7-1.JPG,0.547,0,3,8,Dee Ser; Raymond; Song
4,train,7,3,7-3.JPG,0.39,0,1,8,Hoi Cheng
5,train,19,1,19-1.jpeg,0.492,1,8,8,Benny right bicep; Benyamin; Dee Ser; Hoi Cheng; Qq; Raymond; Song; YL
5,train,19,2,19-2.jpeg,0.501,0,0,8,
6,train,3,1,3-2.jpg,0.518,1,2,8,Dee Ser; Qq
6,train,3,2,3-3.jpg,0.436,0,4,8,Benny right bicep; Benyamin; Raymond; YL
6,train,3,3,3-1.jpg,0.346,0,2,8,Hoi Cheng; Song
7,train,16,1,16-1.jpeg,0.333,1,1,8,Raymond
7,train,16,2,16-2.jpeg,0.43,0,1,8,Benyamin
7,train,16,3,16-3.jpeg,0.216,0,6,8,Benny right bicep; Dee Ser; Hoi Cheng; Qq; Song; YL
8,train,2,1,2-2.jpg,0.463,1,3,8,Benny right bicep; Benyamin; Song
8,train,2,2,2-1.jpg,0.363,0,1,8,Qq
8,train,2,3,2-3.jpg,0.092,0,4,8,Dee Ser; Hoi Cheng; Raymond; YL
9,retest,9,1,9-2.JPG,0.709,1,1,8,Song
9,retest,9,2,9-1.JPG,0.698,0,3,8,Hoi Cheng; Qq; YL
9,retest,9,3,9-6.JPG,0.506,0,0,8,
9,retest,9,4,9-5.JPG,0.496,0,4,8,Benny right bicep; Benyamin; Dee Ser; Raymond
10,retest,19,1,19-1.jpeg,0.492,1,7,8,Benny right bicep; Benyamin; Hoi Cheng; Qq; Raymond; Song; YL
10,retest,19,2,19-2.jpeg,0.501,0,1,8,Dee Ser
11,heldout,5,1,5-1.jpg,0.519,1,1,8,YL
11,heldout,5,2,5-2.jpg,0.399,0,2,8,Dee Ser; Raymond
11,heldout,5,3,5-3.jpg,0.333,0,5,8,Benny right bicep; Benyamin; Hoi Cheng; Qq; Song
12,heldout,20,1,20-2.jpeg,0.517,1,3,8,Hoi Cheng; Raymond; YL
12,heldout,20,2,20-1.jpeg,0.395,0,5,8,Benny right bicep; Benyamin; Dee Ser; Qq; Song
12,heldout,20,3,20-3.jpeg,0.238,0,0,8,
12,heldout,20,4,20-4.jpeg,0.188,0,0,8,
13,heldout,8,1,8-1.JPG,0.725,1,3,8,Benny right bicep; Dee Ser; Song
13,heldout,8,2,8-2.JPG,0.59,0,5,8,Benyamin; Hoi Cheng; Qq; Raymond; YL
13,heldout,8,3,8-3.JPG,0.259,0,0,8,
14,heldout,15,1,15-2.jpeg,0.465,1,8,8,Benny right bicep; Benyamin; Dee Ser; Hoi Cheng; Qq; Raymond; Song; YL
14,heldout,15,2,15-1.jpeg,0.315,0,0,8,
15,train,6,1,6-2.JPG,0.554,1,2,8,Hoi Cheng; Raymond
15,train,6,2,6-1.JPG,0.358,0,6,8,Benny right bicep; Benyamin; Dee Ser; Qq; Song; YL
16,train,17,1,17-3.jpeg,0.666,1,6,8,Benny right bicep; Dee Ser; Hoi Cheng; Qq; Raymond; Song
16,train,17,2,17-2.jpeg,0.446,0,2,8,Benyamin; YL
16,train,17,3,17-1.jpeg,0.151,0,0,8,
17,train,18,1,18-3.jpeg,0.511,1,0,8,
17,train,18,2,18-2.jpeg,0.173,0,3,8,Benny right bicep; Hoi Cheng; Song
17,train,18,3,18-1.jpeg,0.153,0,3,8,Benyamin; Dee Ser; YL
17,train,18,4,18-4.jpeg,0.343,0,2,8,Qq; Raymond
18,train,1,1,1-1.jpg,0.109,1,6,8,Benny right bicep; Dee Ser; Hoi Cheng; Raymond; Song; YL
18,train,1,2,1-2.jpg,0.477,0,1,8,Qq
18,train,1,3,1-3.jpg,0.443,0,1,8,Benyamin

question,kind,lumina_answer,photos,choice,votes,people
19,event-pair,Different occasions,17-1.jpeg 17-3.jpeg,Same occasion,8,Benny right bicep; Benyamin; Dee Ser; Hoi Cheng; Qq; Raymond; Song; YL
20,event-pair,Different occasions,19-1.jpeg 20-1.jpeg,Same occasion,5,Benny right bicep; Benyamin; Hoi Cheng; Song; YL
20,event-pair,Different occasions,19-1.jpeg 20-1.jpeg,Different occasions,3,Dee Ser; Qq; Raymond
21,event-pair,Different occasions,2-2.jpg 9-3.JPG,Different occasions,4,Benny right bicep; Benyamin; Qq; Raymond
21,event-pair,Different occasions,2-2.jpg 9-3.JPG,Same occasion,4,Dee Ser; Hoi Cheng; Song; YL
22,event-pair,Different occasions,6-1.JPG 7-1.JPG,Different occasions,4,Benny right bicep; Benyamin; Qq; YL
22,event-pair,Different occasions,6-1.JPG 7-1.JPG,Same occasion,4,Dee Ser; Hoi Cheng; Raymond; Song
23,person-pair,Two people,13.jpg 19-1.jpeg,One person,8,Benny right bicep; Benyamin; Dee Ser; Hoi Cheng; Qq; Raymond; Song; YL
24,person-pair,Two people,16-2.jpeg 17-1.jpeg,One person,6,Benny right bicep; Benyamin; Qq; Raymond; Song; YL
24,person-pair,Two people,16-2.jpeg 17-1.jpeg,Two people,2,Dee Ser; Hoi Cheng
25,person-pair,Two people,16-3.jpeg 17-3.jpeg,One person,7,Benny right bicep; Benyamin; Dee Ser; Hoi Cheng; Qq; Song; YL
25,person-pair,Two people,16-3.jpeg 17-3.jpeg,Two people,1,Raymond

tester,session_id,training_updates,retest_same,heldout_default_matches,heldout_learned_matches,learned_minus_default,heldout_codes
Benyamin,3ac54e553c35,8,1/2,1/4,1/4,0,5:0/0 20:0/0 8:0/0 15:1/1
Hoi Cheng,25a8a3c6f4b7,8,2/2,2/4,2/4,0,5:0/1 20:1/0 8:0/0 15:1/1
Dee Ser,8be36c7e7144,7,0/2,2/4,2/4,0,5:0/0 20:0/0 8:1/1 15:1/1
Qq,83e6f733af4f,7,1/2,1/4,1/4,0,5:0/0 20:0/0 8:0/0 15:1/1
Song,bf8cade066a9,7,2/2,2/4,3/4,1,5:0/1 20:0/0 8:1/1 15:1/1
YL,a5151ad9e3d0,9,2/2,3/4,1/4,-2,5:1/0 20:1/0 8:0/0 15:1/1
Benny right bicep,8ea05336b104,7,1/2,2/4,3/4,1,5:0/1 20:0/0 8:1/1 15:1/1
Raymond,0bf43a2eb332,7,2/2,2/4,1/4,-1,5:0/0 20:1/0 8:0/0 15:1/1
All 8 finished,,60,11/16,15/32,14/32,-1,
