experiment,value,linkage,threshold,selection_silhouette,pred_events,true_events,ARI,NMI,homogeneity,completeness,v_measure,silhouette_D,davies_bouldin_dino,calinski_harabasz_dino,cross_date_events,max_exif_span_hours,stability_ari_mean,stability_ari_std
time_weight,0.0,average,0.225,0.7013,22,20,0.8858,0.9801,1.0,0.9609,0.9801,0.7013,0.5068,19.578,0,0.0258,0.9568,0.0515
time_weight,0.2,average,0.225,0.7146,21,20,0.985,0.994,1.0,0.988,0.994,0.7146,0.5528,17.3427,0,0.035,0.9861,0.0361
time_weight,0.35,average,0.175,0.7194,21,20,0.985,0.994,1.0,0.988,0.994,0.7194,0.5528,17.3427,0,0.035,0.9927,0.0274
time_weight,0.5,average,0.15,0.7249,21,20,0.985,0.994,1.0,0.988,0.994,0.7249,0.5528,17.3427,0,0.035,1.0,0.0
time_weight,0.7,average,0.125,0.7159,22,20,0.9538,0.9854,1.0,0.9711,0.9854,0.7159,0.5713,17.1681,0,0.035,0.9307,0.0604
time_tau_hours,1,average,0.175,0.7414,21,20,0.985,0.994,1.0,0.988,0.994,0.7414,0.5528,17.3427,0,0.035,0.9872,0.033
time_tau_hours,3,average,0.175,0.7257,21,20,0.985,0.994,1.0,0.988,0.994,0.7257,0.5528,17.3427,0,0.035,0.9837,0.0417
time_tau_hours,6,average,0.175,0.7194,21,20,0.985,0.994,1.0,0.988,0.994,0.7194,0.5528,17.3427,0,0.035,0.9886,0.0341
time_tau_hours,12,average,0.175,0.715,21,20,0.985,0.994,1.0,0.988,0.994,0.715,0.5528,17.3427,0,0.035,0.9897,0.0311
time_tau_hours,24,average,0.175,0.7116,21,20,0.985,0.994,1.0,0.988,0.994,0.7116,0.5528,17.3427,0,0.035,0.9778,0.0452
linkage,average,average,0.175,0.7194,21,20,0.985,0.994,1.0,0.988,0.994,0.7194,0.5528,17.3427,0,0.035,0.9807,0.0437
linkage,complete,complete,0.225,0.7194,21,20,0.985,0.994,1.0,0.988,0.994,0.7194,0.5528,17.3427,0,0.035,0.992,0.0258
linkage,single,single,0.15,0.7194,21,20,0.985,0.994,1.0,0.988,0.994,0.7194,0.5528,17.3427,0,0.035,1.0,0.0
sweep,coarse0.25_patience3 (previous default),average,0.1,0.6173,27,20,0.7452,0.9485,1.0,0.9021,0.9485,0.6173,0.45,21.0374,0,0.0258,0.7492,0.2581
sweep,fine0.025_patience3,average,0.175,0.7194,21,20,0.985,0.994,1.0,0.988,0.994,0.7194,0.5528,17.3427,0,0.035,0.997,0.016
sweep,fine0.025_full,average,0.175,0.7194,21,20,0.985,0.994,1.0,0.988,0.994,0.7194,0.5528,17.3427,0,0.035,0.9874,0.0335
sweep,step0.025_patience10 (production),average,0.175,0.7194,21,20,0.985,0.994,1.0,0.988,0.994,0.7194,0.5528,17.3427,0,0.035,0.9689,0.0481
semester1_baseline,"DINO+multihot(w=5), no time",average,0.3,0.627,21,20,0.5491,0.8873,0.8853,0.8894,0.8873,0.627,0.9624,6.5552,2,506.6742,0.8738,0.1296
"oracle_threshold (upper bound, uses labels)",time_w0,average,0.275,,21,20,0.985,,,,,,,,,,,
"oracle_threshold (upper bound, uses labels)",time_w0.35,average,0.175,,21,20,0.985,,,,,,,,,,,
"oracle_threshold (upper bound, uses labels)",semester1,average,0.15,,28,20,0.6004,,,,,,,,,,,
