series,threshold,clusters,silhouette,ARI
time_w0,0.05,39,0.4119,0.3928
time_w0,0.075,36,0.5126,0.493
time_w0,0.1,32,0.6091,0.568
time_w0,0.125,28,0.6562,0.662
time_w0,0.15,25,0.6526,0.799
time_w0,0.175,24,0.6815,0.8487
time_w0,0.2,23,0.689,0.8675
time_w0,0.225,22,0.7013,0.8858
time_w0,0.25,22,0.7013,0.8858
time_w0,0.275,21,0.6953,0.985
time_w0,0.3,20,0.6647,0.9289
time_w0,0.325,19,0.6721,0.9438
time_w0,0.35,19,0.6721,0.9438
time_w0,0.375,19,0.6721,0.9438
time_w0,0.4,18,0.6359,0.8051
time_w0,0.425,16,0.6063,0.6987
time_w0,0.45,15,0.6065,0.6909
time_w0,0.475,15,0.6065,0.6909
time_w0,0.5,14,0.5486,0.524
time_w0,0.525,11,0.4692,0.3333
time_w0,0.55,11,0.4692,0.3333
time_w0,0.575,11,0.4692,0.3333
time_w0,0.6,10,0.4676,0.2679
time_w0,0.625,10,0.4676,0.2679
time_w0,0.65,10,0.4676,0.2679
time_w0,0.675,9,0.4264,0.2464
time_w0,0.7,8,0.3935,0.1611
time_w0,0.725,7,0.3498,0.1419
time_w0,0.75,6,0.3237,0.1253
time_w0,0.775,6,0.3237,0.1253
time_w0,0.8,6,0.3237,0.1253
time_w0,0.825,5,0.2277,0.021
time_w0,0.85,5,0.2277,0.021
time_w0,0.875,3,0.2362,0.0119
time_w0,0.9,3,0.2362,0.0119
time_w0,0.925,3,0.2362,0.0119
time_w0,0.95,2,0.2679,0.0038
time_w0,0.975,2,0.2679,0.0038
time_w0.35,0.05,37,0.4684,0.4444
time_w0.35,0.075,36,0.5155,0.493
time_w0.35,0.1,27,0.6173,0.7452
time_w0.35,0.125,24,0.6755,0.8292
time_w0.35,0.15,22,0.7119,0.8858
time_w0.35,0.175,21,0.7194,0.985
time_w0.35,0.2,21,0.7194,0.985
time_w0.35,0.225,21,0.7194,0.985
time_w0.35,0.25,21,0.7194,0.985
time_w0.35,0.275,21,0.7194,0.985
time_w0.35,0.3,18,0.6366,0.8379
time_w0.35,0.325,16,0.6038,0.7355
time_w0.35,0.35,16,0.6038,0.7355
time_w0.35,0.375,15,0.6356,0.5516
time_w0.35,0.4,14,0.6055,0.5289
time_w0.35,0.425,13,0.6108,0.4878
time_w0.35,0.45,12,0.6169,0.4836
time_w0.35,0.475,12,0.6169,0.4836
time_w0.35,0.5,12,0.6169,0.4836
time_w0.35,0.525,12,0.6169,0.4836
time_w0.35,0.55,11,0.575,0.4481
time_w0.35,0.575,11,0.575,0.4481
time_w0.35,0.6,11,0.575,0.4481
time_w0.35,0.625,11,0.575,0.4481
time_w0.35,0.65,10,0.5371,0.3632
time_w0.35,0.675,9,0.4949,0.3299
time_w0.35,0.7,9,0.4949,0.3299
time_w0.35,0.725,8,0.4364,0.281
time_w0.35,0.75,6,0.3018,0.1253
time_w0.35,0.775,6,0.3018,0.1253
time_w0.35,0.8,6,0.3018,0.1253
time_w0.35,0.825,5,0.2134,0.021
time_w0.35,0.85,5,0.2134,0.021
time_w0.35,0.875,3,0.2235,0.0119
time_w0.35,0.9,3,0.2235,0.0119
time_w0.35,0.925,3,0.2235,0.0119
time_w0.35,0.95,2,0.2566,0.0038
time_w0.35,0.975,2,0.2566,0.0038
semester1,0.05,37,0.5606,0.4499
semester1,0.075,35,0.5417,0.5414
semester1,0.1,33,0.5541,0.5461
semester1,0.125,31,0.5915,0.5988
semester1,0.15,28,0.6129,0.6004
semester1,0.175,28,0.6129,0.6004
semester1,0.2,26,0.6128,0.5497
semester1,0.225,24,0.6186,0.5638
semester1,0.25,23,0.6255,0.5547
semester1,0.275,23,0.6255,0.5547
semester1,0.3,21,0.627,0.5491
semester1,0.325,21,0.627,0.5491
semester1,0.35,20,0.5962,0.5456
semester1,0.375,18,0.6065,0.5636
semester1,0.4,18,0.6065,0.5636
semester1,0.425,17,0.583,0.5234
semester1,0.45,17,0.583,0.5234
semester1,0.475,14,0.4815,0.5164
semester1,0.5,14,0.4815,0.5164
semester1,0.525,13,0.5117,0.5025
semester1,0.55,13,0.5117,0.5025
semester1,0.575,13,0.5117,0.5025
semester1,0.6,10,0.4146,0.4026
semester1,0.625,9,0.4095,0.3586
semester1,0.65,8,0.3957,0.3116
semester1,0.675,8,0.3957,0.3116
semester1,0.7,8,0.3957,0.3116
semester1,0.725,7,0.3711,0.2369
semester1,0.75,7,0.3711,0.2369
semester1,0.775,7,0.3711,0.2369
semester1,0.8,6,0.32,0.1209
semester1,0.825,6,0.32,0.1209
semester1,0.85,6,0.32,0.1209
semester1,0.875,4,0.2298,0.0256
semester1,0.9,4,0.2298,0.0256
semester1,0.925,3,0.2402,0.0119
semester1,0.95,3,0.2402,0.0119
semester1,0.975,3,0.2402,0.0119
