experiment,value,mode,entities,clusters,singleton_fraction,prominent_identities,same_photo_pairs,cannot_link_violations,cannot_link_violation_rate,silhouette_cosine,faceless_bodies,faceless_attached_fraction,stability_ari_mean,stability_ari_std
mode,fused,fused,227,49,0.3265,42,526,0,0.0,0.4503,68,0.75,0.9733,0.0178
mode,face_only,face_only,227,50,0.38,41,526,0,0.0,0.4994,68,0.7353,0.9797,0.0138
mode,body_only,body_only,280,86,0.0,83,976,85,0.0871,0.4031,68,1.0,0.8802,0.0437
fused_threshold,0.45,fused,227,77,0.4805,55,526,0,0.0,0.5125,68,0.6912,0.9743,0.0251
fused_threshold,0.5,fused,227,64,0.3906,50,526,0,0.0,0.481,68,0.7059,0.9355,0.0469
fused_threshold,0.55,fused,227,58,0.3966,45,526,0,0.0,0.4604,68,0.7059,0.9576,0.0397
fused_threshold,0.58,fused,227,49,0.3265,42,526,0,0.0,0.4503,68,0.75,0.9758,0.0154
fused_threshold,0.62,fused,227,42,0.3333,36,526,0,0.0,0.4713,68,0.7794,0.9865,0.0125
fused_threshold,0.66,fused,227,37,0.2973,32,526,3,0.0057,0.4578,68,0.7794,0.9894,0.0081
fused_threshold,0.7,fused,227,35,0.2857,30,526,3,0.0057,0.4592,68,0.7794,0.9949,0.0047
alpha_floor,0.5,fused,227,48,0.3333,41,526,0,0.0,0.4357,68,0.7647,0.9657,0.0245
alpha_floor,0.6,fused,227,48,0.3333,41,526,0,0.0,0.4423,68,0.7647,0.9768,0.015
alpha_floor,0.7,fused,227,49,0.3265,42,526,0,0.0,0.4503,68,0.75,0.9743,0.0178
alpha_floor,0.8,fused,227,50,0.34,42,526,0,0.0,0.4569,68,0.75,0.9726,0.0197
alpha_floor,0.9,fused,227,52,0.3654,43,526,0,0.0,0.4634,68,0.7353,0.9703,0.0222
face_only_threshold,0.5,face_only,227,67,0.4328,49,526,0,0.0,0.5003,68,0.6912,0.9189,0.0486
face_only_threshold,0.55,face_only,227,60,0.4333,44,526,0,0.0,0.4749,68,0.7059,0.9742,0.0279
face_only_threshold,0.6,face_only,227,50,0.38,41,526,0,0.0,0.4994,68,0.7353,0.975,0.0218
face_only_threshold,0.65,face_only,227,40,0.3,34,526,0,0.0,0.4887,68,0.7794,0.9905,0.0105
face_only_threshold,0.7,face_only,227,36,0.3056,31,526,3,0.0057,0.4827,68,0.7794,0.991,0.0091
