setting,user_group,passes,mean_swaps,test_top1_agreement,test_regret,random_pick_agreement
"previous (lr=0.35, l2=0.05)",aesthete | noise=0.0,0,0.0,0.512,0.2832,0.3514
"previous (lr=0.35, l2=0.05)",aesthete | noise=0.0,1,3.79,0.802,0.0615,0.3514
"previous (lr=0.35, l2=0.05)",aesthete | noise=0.0,2,5.51,0.773,0.076,0.3514
"previous (lr=0.35, l2=0.05)",aesthete | noise=0.0,3,7.145,0.776,0.0696,0.3514
"previous (lr=0.35, l2=0.05)",aesthete | noise=0.0,4,8.595,0.761,0.0741,0.3514
"previous (lr=0.35, l2=0.05)",aesthete | noise=0.0,5,10.025,0.767,0.0721,0.3514
"previous (lr=0.35, l2=0.05)",portraitist | noise=0.0,0,0.0,0.819,0.0677,0.3513
"previous (lr=0.35, l2=0.05)",portraitist | noise=0.0,1,1.915,0.882,0.0321,0.3513
"previous (lr=0.35, l2=0.05)",portraitist | noise=0.0,2,3.08,0.885,0.0298,0.3513
"previous (lr=0.35, l2=0.05)",portraitist | noise=0.0,3,3.825,0.867,0.0354,0.3513
"previous (lr=0.35, l2=0.05)",portraitist | noise=0.0,4,4.255,0.87,0.0318,0.3513
"previous (lr=0.35, l2=0.05)",portraitist | noise=0.0,5,4.465,0.88,0.0268,0.3513
"previous (lr=0.35, l2=0.05)",storyteller | noise=0.0,0,0.0,0.81,0.0733,0.3525
"previous (lr=0.35, l2=0.05)",storyteller | noise=0.0,1,2.425,0.778,0.074,0.3525
"previous (lr=0.35, l2=0.05)",storyteller | noise=0.0,2,4.13,0.783,0.0671,0.3525
"previous (lr=0.35, l2=0.05)",storyteller | noise=0.0,3,5.32,0.786,0.0542,0.3525
"previous (lr=0.35, l2=0.05)",storyteller | noise=0.0,4,6.11,0.79,0.0498,0.3525
"previous (lr=0.35, l2=0.05)",storyteller | noise=0.0,5,6.68,0.788,0.0469,0.3525
"previous (lr=0.35, l2=0.05)",random users (Dirichlet 0.7) | noise=0.0,0,0.0,0.6324,0.1733,0.3518
"previous (lr=0.35, l2=0.05)",random users (Dirichlet 0.7) | noise=0.0,1,3.1379,0.7567,0.104,0.3518
"previous (lr=0.35, l2=0.05)",random users (Dirichlet 0.7) | noise=0.0,2,5.0658,0.7762,0.0961,0.3518
"previous (lr=0.35, l2=0.05)",random users (Dirichlet 0.7) | noise=0.0,3,6.4554,0.7883,0.0906,0.3518
"previous (lr=0.35, l2=0.05)",random users (Dirichlet 0.7) | noise=0.0,4,7.4275,0.8027,0.0826,0.3518
"previous (lr=0.35, l2=0.05)",random users (Dirichlet 0.7) | noise=0.0,5,8.1458,0.8066,0.08,0.3518
"previous (lr=0.35, l2=0.05)",aesthete | noise=0.05,0,0.0,0.514,0.2809,0.3494
"previous (lr=0.35, l2=0.05)",aesthete | noise=0.05,1,4.75,0.757,0.0978,0.3494
"previous (lr=0.35, l2=0.05)",aesthete | noise=0.05,2,8.755,0.762,0.1072,0.3494
"previous (lr=0.35, l2=0.05)",aesthete | noise=0.05,3,12.715,0.763,0.1021,0.3494
"previous (lr=0.35, l2=0.05)",aesthete | noise=0.05,4,16.45,0.752,0.1121,0.3494
"previous (lr=0.35, l2=0.05)",aesthete | noise=0.05,5,20.17,0.759,0.1064,0.3494
"previous (lr=0.35, l2=0.05)",portraitist | noise=0.05,0,0.0,0.798,0.0888,0.3538
"previous (lr=0.35, l2=0.05)",portraitist | noise=0.05,1,2.635,0.822,0.0798,0.3538
"previous (lr=0.35, l2=0.05)",portraitist | noise=0.05,2,5.245,0.804,0.0967,0.3538
"previous (lr=0.35, l2=0.05)",portraitist | noise=0.05,3,7.885,0.804,0.1021,0.3538
"previous (lr=0.35, l2=0.05)",portraitist | noise=0.05,4,10.405,0.822,0.0951,0.3538
"previous (lr=0.35, l2=0.05)",portraitist | noise=0.05,5,12.675,0.82,0.0911,0.3538
"previous (lr=0.35, l2=0.05)",storyteller | noise=0.05,0,0.0,0.837,0.0569,0.3504
"previous (lr=0.35, l2=0.05)",storyteller | noise=0.05,1,3.65,0.772,0.0815,0.3504
"previous (lr=0.35, l2=0.05)",storyteller | noise=0.05,2,6.97,0.77,0.0703,0.3504
"previous (lr=0.35, l2=0.05)",storyteller | noise=0.05,3,10.345,0.777,0.0677,0.3504
"previous (lr=0.35, l2=0.05)",storyteller | noise=0.05,4,13.755,0.774,0.0671,0.3504
"previous (lr=0.35, l2=0.05)",storyteller | noise=0.05,5,17.17,0.775,0.0686,0.3504
"previous (lr=0.35, l2=0.05)",random users (Dirichlet 0.7) | noise=0.05,0,0.0,0.6302,0.1763,0.3514
"previous (lr=0.35, l2=0.05)",random users (Dirichlet 0.7) | noise=0.05,1,4.0075,0.7375,0.1143,0.3514
"previous (lr=0.35, l2=0.05)",random users (Dirichlet 0.7) | noise=0.05,2,7.5008,0.7564,0.1086,0.3514
"previous (lr=0.35, l2=0.05)",random users (Dirichlet 0.7) | noise=0.05,3,10.8379,0.7656,0.105,0.3514
"previous (lr=0.35, l2=0.05)",random users (Dirichlet 0.7) | noise=0.05,4,14.1212,0.7735,0.1001,0.3514
"previous (lr=0.35, l2=0.05)",random users (Dirichlet 0.7) | noise=0.05,5,17.38,0.7777,0.0984,0.3514
tuned,aesthete | noise=0.0,0,0.0,0.512,0.2832,0.3514
tuned,aesthete | noise=0.0,1,4.1,0.817,0.0412,0.3514
tuned,aesthete | noise=0.0,2,5.31,0.811,0.0452,0.3514
tuned,aesthete | noise=0.0,3,6.18,0.81,0.0389,0.3514
tuned,aesthete | noise=0.0,4,6.94,0.8,0.0442,0.3514
tuned,aesthete | noise=0.0,5,7.57,0.776,0.0522,0.3514
tuned,portraitist | noise=0.0,0,0.0,0.819,0.0677,0.3513
tuned,portraitist | noise=0.0,1,2.195,0.834,0.0518,0.3513
tuned,portraitist | noise=0.0,2,3.59,0.872,0.0306,0.3513
tuned,portraitist | noise=0.0,3,4.23,0.874,0.03,0.3513
tuned,portraitist | noise=0.0,4,4.635,0.866,0.0295,0.3513
tuned,portraitist | noise=0.0,5,5.15,0.848,0.0356,0.3513
tuned,storyteller | noise=0.0,0,0.0,0.81,0.0733,0.3525
tuned,storyteller | noise=0.0,1,2.16,0.808,0.0775,0.3525
tuned,storyteller | noise=0.0,2,3.725,0.803,0.0636,0.3525
tuned,storyteller | noise=0.0,3,4.54,0.82,0.0501,0.3525
tuned,storyteller | noise=0.0,4,4.93,0.835,0.0489,0.3525
tuned,storyteller | noise=0.0,5,5.09,0.849,0.0459,0.3525
tuned,random users (Dirichlet 0.7) | noise=0.0,0,0.0,0.6324,0.1733,0.3518
tuned,random users (Dirichlet 0.7) | noise=0.0,1,3.2663,0.7495,0.0972,0.3518
tuned,random users (Dirichlet 0.7) | noise=0.0,2,5.2617,0.7762,0.087,0.3518
tuned,random users (Dirichlet 0.7) | noise=0.0,3,6.6729,0.7836,0.0843,0.3518
tuned,random users (Dirichlet 0.7) | noise=0.0,4,7.7212,0.7932,0.0804,0.3518
tuned,random users (Dirichlet 0.7) | noise=0.0,5,8.5042,0.7958,0.079,0.3518
tuned,aesthete | noise=0.05,0,0.0,0.514,0.2809,0.3494
tuned,aesthete | noise=0.05,1,5.065,0.759,0.0923,0.3494
tuned,aesthete | noise=0.05,2,8.55,0.798,0.0793,0.3494
tuned,aesthete | noise=0.05,3,12.095,0.799,0.0721,0.3494
tuned,aesthete | noise=0.05,4,15.52,0.8,0.0755,0.3494
tuned,aesthete | noise=0.05,5,18.87,0.784,0.0825,0.3494
tuned,portraitist | noise=0.05,0,0.0,0.798,0.0888,0.3538
tuned,portraitist | noise=0.05,1,2.52,0.824,0.0694,0.3538
tuned,portraitist | noise=0.05,2,5.05,0.804,0.0786,0.3538
tuned,portraitist | noise=0.05,3,7.52,0.814,0.0817,0.3538
tuned,portraitist | noise=0.05,4,9.98,0.816,0.0864,0.3538
tuned,portraitist | noise=0.05,5,12.155,0.807,0.091,0.3538
tuned,storyteller | noise=0.05,0,0.0,0.837,0.0569,0.3504
tuned,storyteller | noise=0.05,1,3.73,0.787,0.0843,0.3504
tuned,storyteller | noise=0.05,2,7.12,0.812,0.069,0.3504
tuned,storyteller | noise=0.05,3,10.43,0.824,0.0601,0.3504
tuned,storyteller | noise=0.05,4,13.82,0.829,0.0648,0.3504
tuned,storyteller | noise=0.05,5,17.055,0.82,0.071,0.3504
tuned,random users (Dirichlet 0.7) | noise=0.05,0,0.0,0.6302,0.1763,0.3514
tuned,random users (Dirichlet 0.7) | noise=0.05,1,4.0033,0.738,0.1049,0.3514
tuned,random users (Dirichlet 0.7) | noise=0.05,2,7.4288,0.7584,0.0974,0.3514
tuned,random users (Dirichlet 0.7) | noise=0.05,3,10.7,0.7685,0.0911,0.3514
tuned,random users (Dirichlet 0.7) | noise=0.05,4,13.8654,0.7758,0.0899,0.3514
tuned,random users (Dirichlet 0.7) | noise=0.05,5,17.0158,0.7846,0.0871,0.3514
