lr,l2_to_prior,mean_gain,worst_cell_gain,responsive_60_swaps,nima_after_60,gain[aesthete|0.0],gain[portraitist|0.0],gain[storyteller|0.0],gain[random|0.0],gain[aesthete|0.05],gain[portraitist|0.05],gain[storyteller|0.05],gain[random|0.05]
0.005,0.05,-0.0099,-0.08,False,0.2925,-0.01,0.0,-0.045,0.0373,-0.03,0.0,-0.08,0.0487
0.005,0.2,-0.0105,-0.08,False,0.2915,-0.015,0.0,-0.045,0.0373,-0.03,0.0,-0.08,0.0487
0.005,0.5,-0.0107,-0.08,False,0.2897,-0.015,0.0,-0.045,0.0367,-0.03,0.0,-0.08,0.048
0.005,1.0,-0.0111,-0.08,False,0.2868,-0.015,0.0,-0.045,0.0347,-0.03,0.0,-0.08,0.0467
0.005,2.0,-0.0117,-0.08,False,0.282,-0.015,0.0,-0.045,0.0327,-0.03,0.0,-0.08,0.044
0.01,0.05,0.0073,-0.065,False,0.3327,0.03,0.0,-0.045,0.0553,-0.0,0.005,-0.065,0.078
0.01,0.2,0.0071,-0.065,False,0.329,0.03,0.0,-0.045,0.054,-0.0,0.005,-0.065,0.078
0.01,0.5,0.0055,-0.075,False,0.3223,0.03,0.0,-0.045,0.052,-0.0,0.005,-0.075,0.0767
0.01,1.0,0.0041,-0.075,False,0.3128,0.03,0.0,-0.045,0.0527,-0.01,0.005,-0.075,0.0753
0.01,2.0,0.0005,-0.075,False,0.2984,0.015,0.0,-0.045,0.0467,-0.01,0.005,-0.075,0.0673
0.02,0.05,0.0535,-0.035,True,0.4068,0.135,0.025,0.01,0.0893,0.035,0.045,-0.035,0.1233
0.02,0.2,0.0519,-0.03,True,0.3935,0.125,0.025,0.01,0.0907,0.03,0.045,-0.03,0.1193
0.02,0.5,0.049,-0.035,True,0.3712,0.115,0.025,0.01,0.0827,0.035,0.045,-0.035,0.1147
0.02,1.0,0.0381,-0.04,False,0.3438,0.095,0.0,0.01,0.0753,0.025,0.035,-0.04,0.1047
0.02,2.0,0.0287,-0.04,False,0.3113,0.07,0.0,0.01,0.0613,0.01,0.03,-0.04,0.0887
0.05,0.05,0.0995,-0.04,True,0.5412,0.195,0.04,0.03,0.1273,0.22,0.065,-0.04,0.1587
0.05,0.2,0.097,-0.035,True,0.5033,0.18,0.04,0.03,0.1213,0.215,0.065,-0.035,0.16
0.05,0.5,0.0934,-0.025,True,0.4358,0.2,0.04,0.025,0.1173,0.18,0.06,-0.025,0.15
0.05,1.0,0.0852,-0.02,True,0.3705,0.19,0.04,0.025,0.1087,0.125,0.065,-0.02,0.148
0.05,2.0,0.0578,-0.035,False,0.3165,0.14,0.035,0.02,0.088,0.04,0.06,-0.035,0.1147
0.1,0.05,0.1072,-0.03,True,0.6031,0.2,0.01,0.04,0.1527,0.3,0.005,-0.03,0.18
0.1,0.2,0.1018,-0.045,True,0.5354,0.2,0.02,0.04,0.138,0.28,0.005,-0.045,0.1767
0.1,0.5,0.107,-0.045,True,0.4472,0.235,0.03,0.05,0.132,0.26,0.025,-0.045,0.1687
0.1,1.0,0.0968,-0.035,True,0.3708,0.195,0.04,0.04,0.1233,0.22,0.04,-0.035,0.1513
0.1,2.0,0.0642,-0.07,False,0.3142,0.17,0.04,0.04,0.098,0.045,0.065,-0.07,0.1253
0.2,0.05,0.1305,-0.06,True,0.6234,0.25,0.05,0.085,0.1907,0.335,0.025,-0.06,0.1687
0.2,0.2,0.1297,-0.08,True,0.5557,0.265,0.065,0.07,0.1827,0.305,0.06,-0.08,0.17
0.2,0.5,0.1192,-0.065,True,0.4487,0.275,0.06,0.075,0.1653,0.27,0.015,-0.065,0.158
0.2,1.0,0.098,-0.095,True,0.3718,0.23,0.04,0.08,0.142,0.2,0.04,-0.095,0.1467
0.2,2.0,0.0707,-0.06,False,0.3169,0.21,0.045,0.04,0.106,0.08,0.035,-0.06,0.11
0.35,0.05,0.117,-0.095,True,0.5717,0.23,0.075,0.025,0.2153,0.31,0.005,-0.095,0.1707
0.35,0.2,0.1161,-0.1,True,0.5156,0.3,0.075,0.025,0.194,0.245,0.035,-0.1,0.1547
0.35,0.5,0.1161,-0.09,True,0.4354,0.265,0.085,0.015,0.1807,0.29,0.045,-0.09,0.138
0.35,1.0,0.0868,-0.095,True,0.366,0.22,0.05,0.03,0.1427,0.19,0.05,-0.095,0.1067
0.35,2.0,0.0594,-0.105,False,0.3217,0.23,0.05,-0.01,0.096,0.115,0.015,-0.105,0.084
