question,phase,event_id,option,photo_id,is_default,folder,file
1,train,9,A,9-5.JPG,0,Q01,A.jpg
1,train,9,B,9-1.JPG,0,Q01,B.jpg
1,train,9,C,9-2.JPG,1,Q01,C.jpg
1,train,9,D,9-6.JPG,0,Q01,D.jpg
2,train,4,A,4-3.jpg,0,Q02,A.jpg
2,train,4,B,4-2.jpg,1,Q02,B.jpg
2,train,4,C,4-1.jpg,0,Q02,C.jpg
3,train,14,A,14-2.jpeg,0,Q03,A.jpeg
3,train,14,B,14-1.jpeg,1,Q03,B.jpeg
4,train,7,A,7-1.JPG,0,Q04,A.jpg
4,train,7,B,7-2.JPG,1,Q04,B.jpg
4,train,7,C,7-3.JPG,0,Q04,C.jpg
5,train,19,A,19-2.jpeg,0,Q05,A.jpeg
5,train,19,B,19-1.jpeg,1,Q05,B.jpeg
6,train,3,A,3-2.jpg,1,Q06,A.jpg
6,train,3,B,3-3.jpg,0,Q06,B.jpg
6,train,3,C,3-1.jpg,0,Q06,C.jpg
7,train,16,A,16-3.jpeg,0,Q07,A.jpeg
7,train,16,B,16-1.jpeg,1,Q07,B.jpeg
7,train,16,C,16-2.jpeg,0,Q07,C.jpeg
8,train,2,A,2-3.jpg,0,Q08,A.jpg
8,train,2,B,2-2.jpg,1,Q08,B.jpg
8,train,2,C,2-1.jpg,0,Q08,C.jpg
9,retest,9,A,9-1.JPG,0,Q09,A.jpg
9,retest,9,B,9-5.JPG,0,Q09,B.jpg
9,retest,9,C,9-6.JPG,0,Q09,C.jpg
9,retest,9,D,9-2.JPG,1,Q09,D.jpg
10,retest,19,A,19-2.jpeg,0,Q10,A.jpeg
10,retest,19,B,19-1.jpeg,1,Q10,B.jpeg
11,heldout,5,A,5-1.jpg,1,Q11,A.jpg
11,heldout,5,B,5-2.jpg,0,Q11,B.jpg
11,heldout,5,C,5-3.jpg,0,Q11,C.jpg
12,heldout,20,A,20-2.jpeg,1,Q12,A.jpeg
12,heldout,20,B,20-4.jpeg,0,Q12,B.jpeg
12,heldout,20,C,20-1.jpeg,0,Q12,C.jpeg
12,heldout,20,D,20-3.jpeg,0,Q12,D.jpeg
13,heldout,8,A,8-3.JPG,0,Q13,A.jpg
13,heldout,8,B,8-1.JPG,1,Q13,B.jpg
13,heldout,8,C,8-2.JPG,0,Q13,C.jpg
14,heldout,15,A,15-2.jpeg,1,Q14,A.jpeg
14,heldout,15,B,15-1.jpeg,0,Q14,B.jpeg
15,train,6,A,6-1.JPG,0,Q15,A.jpg
15,train,6,B,6-2.JPG,1,Q15,B.jpg
16,train,17,A,17-1.jpeg,0,Q16,A.jpeg
16,train,17,B,17-2.jpeg,0,Q16,B.jpeg
16,train,17,C,17-3.jpeg,1,Q16,C.jpeg
17,train,18,A,18-4.jpeg,0,Q17,A.jpeg
17,train,18,B,18-1.jpeg,0,Q17,B.jpeg
17,train,18,C,18-3.jpeg,1,Q17,C.jpeg
17,train,18,D,18-2.jpeg,0,Q17,D.jpeg
18,train,1,A,1-2.jpg,0,Q18,A.jpg
18,train,1,B,1-1.jpg,1,Q18,B.jpg
18,train,1,C,1-3.jpg,0,Q18,C.jpg
